-- Chefamo Palermo seed export

-- Generated at 2026-03-31T14:30:37.774Z

INSERT INTO cities (slug, country_code, timezone, status, bounds, name, hero) VALUES
('palermo', 'IT', 'Europe/Rome', 'public', '[13.2805,38.085,13.405,38.165]', '{"en":"Palermo","it":"Palermo"}', '{"en":"The citywide family activity guide for Palermo.","it":"La guida cittadina alle attivita per famiglie a Palermo."}')
ON CONFLICT (slug) DO NOTHING;

INSERT INTO neighborhoods (city_slug, slug, name, description, center_lat, center_lng) VALUES
('palermo', 'politeama', '{"en":"Politeama","it":"Politeama"}', '{"en":"Central Palermo with family-friendly cultural institutions and after-school options.","it":"Palermo centrale con istituzioni culturali family-friendly e opzioni per il doposcuola."}', 38.1244, 13.3521),
('palermo', 'kalsa', '{"en":"Kalsa","it":"Kalsa"}', '{"en":"Historic Palermo with museums and hands-on family culture.","it":"Palermo storica con musei e cultura hands-on per famiglie."}', 38.1175, 13.3694),
('palermo', 'capo', '{"en":"Capo","it":"Capo"}', '{"en":"Compact central district with useful weekday indoor options for younger families.","it":"Quartiere centrale compatto con opzioni indoor feriali utili per le famiglie piu giovani."}', 38.1191, 13.3514)
ON CONFLICT (slug) DO NOTHING;

INSERT INTO activity_categories (city_slug, slug, visibility, name, description, hero_metric) VALUES
('palermo', 'culture', 'live', '{"en":"Culture","it":"Cultura"}', '{"en":"Museums, theater, guided visits, and family heritage routes.","it":"Musei, teatro, visite guidate e percorsi di patrimonio per famiglie."}', '{"en":"Weekend rituals with clear booking paths.","it":"Riti del weekend con prenotazioni chiare."}'),
('palermo', 'movement', 'live', '{"en":"Sports & Movement","it":"Sport e movimento"}', '{"en":"Circo, dance, capoeira, active play, and structured after-school movement for children.","it":"Circo, danza, capoeira, gioco motorio e attivita sportive strutturate per il doposcuola."}', '{"en":"Active slots grouped by age band and weekly rhythm.","it":"Slot attivi raggruppati per fascia d eta e ritmo settimanale."}'),
('palermo', 'stem', 'live', '{"en":"Science & STEM","it":"Scienza e STEM"}', '{"en":"Planetarium, coding, robotics, and hands-on discovery.","it":"Planetario, coding, robotica e scoperta hands-on."}', '{"en":"Structured curiosity for 5-14.","it":"Curiosita strutturata per 5-14 anni."}'),
('palermo', 'reading', 'live', '{"en":"Reading & Stories","it":"Lettura e storie"}', '{"en":"Libraries, bookshops, and story-led spaces for younger children.","it":"Biblioteche, librerie e spazi narrativi per i piu piccoli."}', '{"en":"Quiet, trustworthy options for 0-10.","it":"Opzioni tranquille e affidabili per 0-10."}'),
('palermo', 'outdoors', 'live', '{"en":"Outdoor Time","it":"Tempo all aperto"}', '{"en":"Parks and open-air family hubs that work without heavy planning.","it":"Parchi e hub all aperto che funzionano senza pianificazioni pesanti."}', '{"en":"Good-anytime places for family reset.","it":"Luoghi da usare quando serve un reset in famiglia."}')
ON CONFLICT (slug) DO NOTHING;

INSERT INTO styles (category_slug, slug, name, description) VALUES
('culture', 'guided-visit', '{"en":"Guided visit","it":"Visita guidata"}', '{"en":"Short guided route with a clear start time.","it":"Percorso guidato breve con orario chiaro."}'),
('movement', 'circomotricita', '{"en":"Circomotricity","it":"Circomotricita"}', '{"en":"Play-based movement sessions with circus-inspired motor skills for children.","it":"Sessioni di movimento ludico con competenze motorie ispirate al circo per bambini."}'),
('movement', 'aerial-kids-lab', '{"en":"Aerial kids lab","it":"Laboratorio aereo bambini"}', '{"en":"Suspension-based movement lab for children under close supervision.","it":"Laboratorio di movimento in sospensione per bambini con supervisione ravvicinata."}'),
('movement', 'kids-dance-foundations', '{"en":"Kids dance foundations","it":"Danza base bambini"}', '{"en":"Introductory dance classes for early school years.","it":"Lezioni introduttive di danza per i primi anni scolari."}'),
('movement', 'kids-dance-pedagogy', '{"en":"Dance pedagogy 3-4","it":"Pedagogia della danza 3-4"}', '{"en":"Early-childhood movement pedagogy focused on body awareness.","it":"Percorso di pedagogia del movimento per la prima infanzia e la consapevolezza corporea."}'),
('movement', 'kids-contemporary-dance', '{"en":"Kids contemporary dance","it":"Danza contemporanea bambini"}', '{"en":"Contemporary dance sessions for children with rhythm and movement foundations.","it":"Sessioni di danza contemporanea per bambini con basi di ritmo e movimento."}'),
('movement', 'kids-capoeira', '{"en":"Kids capoeira","it":"Capoeira bambini"}', '{"en":"Capoeira for children blending rhythm, coordination, and play.","it":"Capoeira per bambini tra ritmo, coordinazione e gioco."}'),
('stem', 'planetarium-show', '{"en":"Planetarium show","it":"Spettacolo al planetario"}', '{"en":"Dome-based astronomy format for families.","it":"Format sotto cupola dedicato all astronomia per famiglie."}'),
('stem', 'hands-on-lab', '{"en":"Hands-on lab","it":"Laboratorio hands-on"}', '{"en":"Interactive making or discovery lab.","it":"Laboratorio interattivo di scoperta o costruzione."}'),
('reading', 'storytime', '{"en":"Storytime","it":"Letture animate"}', '{"en":"Reading-led session for young children and carers.","it":"Sessione guidata da letture per bimbi piccoli e accompagnatori."}'),
('culture', 'puppet-theater', '{"en":"Puppet theater","it":"Teatro dei pupi"}', '{"en":"Family theater rooted in Sicilian puppetry.","it":"Teatro per famiglie radicato nella tradizione dei pupi siciliani."}'),
('outdoors', 'open-park-day', '{"en":"Open park day","it":"Giornata al parco"}', '{"en":"Flexible outdoor time with family-friendly infrastructure.","it":"Tempo flessibile all aperto con infrastruttura family-friendly."}'),
('stem', 'kids-coding', '{"en":"Kids coding","it":"Coding per bambini"}', '{"en":"Guided digital creativity and problem-solving.","it":"Creativita digitale guidata e problem solving."}')
ON CONFLICT (slug) DO NOTHING;

INSERT INTO instructors (city_slug, slug, name, short_bio, specialties, languages) VALUES
('palermo', 'fondazione-teatro-massimo', 'Fondazione Teatro Massimo', '{"en":"The main opera house in Palermo, with guided visits that work well for curious families.","it":"Il principale teatro d opera di Palermo, con visite guidate adatte anche a famiglie curiose."}', '["guided-visit","family-culture"]', '["Italian","English"]'),
('palermo', 'planetario-palermo', 'Planetario Palermo', '{"en":"Weekend dome shows and science storytelling for children and families.","it":"Spettacoli sotto cupola nel weekend e storytelling scientifico per bambini e famiglie."}', '["planetarium-show","science-for-kids"]', '["Italian"]'),
('palermo', 'minimupa', 'MiniMuPa', '{"en":"Interactive museum and creative labs for children, schools, and families.","it":"Museo interattivo e laboratori creativi per bambini, scuole e famiglie."}', '["hands-on-lab","family-culture"]', '["Italian"]'),
('palermo', 'biblioteca-piccolo-principe', 'Biblioteca Il Piccolo Principe', '{"en":"City-run children and teen library with reading, borrowing, and calm indoor time.","it":"Biblioteca comunale per bambini e ragazzi con letture, prestito e tempo indoor tranquillo."}', '["storytime","reading-for-kids"]', '["Italian"]'),
('palermo', 'museo-marionette', 'Museo delle Marionette', '{"en":"Family shows and puppet theater rooted in Palermo’s living tradition.","it":"Spettacoli per famiglie e teatro di figura radicati nella tradizione viva di Palermo."}', '["puppet-theater","family-culture"]', '["Italian"]'),
('palermo', 'palermo-kids-lab', 'Palermo Kids Lab', '{"en":"Small-group coding and digital creativity for older children.","it":"Piccoli gruppi di coding e creativita digitale per bambini piu grandi."}', '["kids-coding","hands-on-lab"]', '["Italian","English"]'),
('palermo', 'circo-pificio-team', 'Circo Pificio team', '{"en":"Local team running circomotricity sessions that work well for younger children with high energy.","it":"Team locale che conduce sessioni di circomotricita adatte ai piu piccoli con energia alta."}', '["circomotricita","active-play"]', '["Italian"]'),
('palermo', 'spazio-terra-team', 'Spazio Terra team', '{"en":"Workshop-led movement team behind kids aerial and body-awareness labs.","it":"Team di laboratorio dietro percorsi aerei e di consapevolezza corporea per bambini."}', '["aerial-kids-lab","movement-lab"]', '["Italian"]'),
('palermo', 'diaria-kids', 'Diaria Kids', '{"en":"Recurring after-school dance and capoeira supply published through Diaria’s Palermo calendar.","it":"Programmazione ricorrente doposcuola di danza e capoeira pubblicata nel calendario palermitano di Diaria."}', '["kids-contemporary-dance","kids-dance-foundations","kids-dance-pedagogy","kids-capoeira"]', '["Italian"]')
ON CONFLICT (slug) DO NOTHING;

INSERT INTO booking_targets (slug, type, label, href) VALUES
('teatro-massimo-booking', 'website', 'Teatro Massimo', 'https://www.teatromassimo.it/'),
('planetario-contact', 'email', 'planetariopalermo@gmail.com', 'mailto:planetariopalermo@gmail.com'),
('minimupa-booking', 'website', 'MiniMuPa', 'https://www.minimupa.it/'),
('biblioteca-contact', 'phone', '091 7408870', 'tel:+390917408870'),
('museo-marionette-contact', 'email', 'info@museomarionettepalermo.it', 'mailto:info@museomarionettepalermo.it'),
('villa-filippina-info', 'email', 'parcovillafilippina@gmail.com', 'mailto:parcovillafilippina@gmail.com'),
('kids-lab-booking', 'website', 'Palermo Kids Lab', 'https://www.palermokidslab.it/'),
('circopificio-website', 'website', 'Circo Pificio', 'https://www.circopificio.it/circomotricita/'),
('spazio-terra-source', 'website', 'Spazio Terra', 'https://www.facebook.com/spazioterrapalermo'),
('diaria-kids-enroll', 'direct', 'Diaria iscrizione', 'https://www.diariapalermo.org/iscrizione-corsi/'),
('diaria-kids-whatsapp', 'whatsapp', 'WhatsApp Diaria', 'https://wa.me/393517066792')
ON CONFLICT (slug) DO NOTHING;

INSERT INTO venues (city_slug, neighborhood_slug, slug, name, tagline, description, address, lat, lng, amenities, languages, style_slugs, category_slugs, booking_target_order, freshness_note, source_url, last_verified_at) VALUES
('palermo', 'politeama', 'teatro-massimo-palermo', 'Teatro Massimo', '{"en":"Family-ready guided visits in the city center.","it":"Visite guidate family-ready nel cuore della citta."}', '{"en":"A reliable culture pick when you want one clear slot, short duration, and a strong Palermo identity.","it":"Una scelta culturale affidabile quando serve uno slot chiaro, una durata breve e una forte identita palermitana."}', 'Piazza Verdi, Palermo', 38.1228, 13.3578, '["Central location","Indoor","Family ticket"]', '["Italian","English"]', '["guided-visit"]', '["culture"]', '["teatro-massimo-booking"]', '{"en":"Official guided-visit information checked from the theater website.","it":"Informazioni ufficiali sulle visite guidate controllate dal sito del teatro."}', 'https://www.teatromassimo.it/', '2026-03-29T11:00:00+02:00'),
('palermo', 'politeama', 'planetario-palermo-place', 'Planetario di Palermo', '{"en":"Weekend astronomy with fixed family-friendly turni.","it":"Astronomia nel weekend con turni family-friendly."}', '{"en":"A clean science option for families who want a repeatable weekend ritual.","it":"Un opzione scientifica pulita per famiglie che vogliono un rito del weekend ripetibile."}', 'Piazza San Francesco di Paola 18, Palermo', 38.1244, 13.3517, '["Indoor dome","Weekend schedule","Museum visit"]', '["Italian"]', '["planetarium-show"]', '["stem"]', '["planetario-contact"]', '{"en":"Weekend public timetable monitored from the official planetarium channels.","it":"Timetable pubblico del weekend monitorato dai canali ufficiali del planetario."}', 'https://www.planetariopalermo.it/', '2026-03-29T11:00:00+02:00'),
('palermo', 'kalsa', 'minimupa-palermo', 'MiniMuPa', '{"en":"Interactive museum sessions for curious 4-12 year olds.","it":"Sessioni di museo interattivo per curiosi dai 4 ai 12 anni."}', '{"en":"Best when you want one high-engagement indoor activity rather than a generic afternoon filler.","it":"Ideale quando serve un attivita indoor ad alto coinvolgimento, non un semplice tappabuchi pomeridiano."}', 'Vicolo San Carlo 32-34, Palermo', 38.1171, 13.3691, '["Indoor","Hands-on","Family events"]', '["Italian"]', '["hands-on-lab"]', '["stem","culture"]', '["minimupa-booking"]', '{"en":"Event-led program with official booking pages.","it":"Programmazione a eventi con pagine di prenotazione ufficiali."}', 'https://www.minimupa.it/', '2026-03-29T11:00:00+02:00'),
('palermo', 'capo', 'biblioteca-piccolo-principe-place', 'Biblioteca Il Piccolo Principe', '{"en":"Quiet reading and story-led time for younger families.","it":"Tempo tranquillo di lettura e storie per le famiglie piu giovani."}', '{"en":"A strong fallback when you need something gentle, free, and central during the week.","it":"Un ottimo fallback quando serve qualcosa di gentile, gratuito e centrale durante la settimana."}', 'Cortile Scalilla 37, Palermo', 38.1189, 13.3513, '["Free access","0-6 area","Borrowing"]', '["Italian"]', '["storytime"]', '["reading"]', '["biblioteca-contact"]', '{"en":"Core opening hours and family services checked from municipal library information.","it":"Orari base e servizi per famiglie controllati dalle informazioni comunali."}', 'https://www.comune.palermo.it/', '2026-03-29T11:00:00+02:00'),
('palermo', 'kalsa', 'museo-marionette-palermo', 'Museo delle Marionette', '{"en":"Weekend theater with one of Palermo’s strongest family identities.","it":"Teatro del weekend con una delle identita family piu forti di Palermo."}', '{"en":"Useful when the family wants one cultural plan that still feels playful and visually rich.","it":"Utile quando la famiglia vuole un piano culturale che resti giocoso e visivamente ricco."}', 'Piazzetta Antonio Pasqualino 5, Palermo', 38.1178, 13.3699, '["Indoor","Family theater","Weekend rhythm"]', '["Italian"]', '["puppet-theater"]', '["culture"]', '["museo-marionette-contact"]', '{"en":"Recurring family shows tracked from the museum’s public program.","it":"Spettacoli ricorrenti per famiglie tracciati dal programma pubblico del museo."}', 'https://www.museomarionettepalermo.it/', '2026-03-29T11:00:00+02:00'),
('palermo', 'politeama', 'villa-filippina-palermo', 'Parco Villa Filippina', '{"en":"A dependable outdoor reset without heavy logistics.","it":"Un reset all aperto affidabile senza logistica pesante."}', '{"en":"Use it as a good-anytime outdoor anchor when the family needs movement and space more than a ticketed program.","it":"Da usare come ancora outdoor good-anytime quando la famiglia ha bisogno di spazio e movimento piu che di un programma ticketed."}', 'Piazza San Francesco di Paola 18, Palermo', 38.1248, 13.3513, '["Outdoor","Play area","Open access"]', '["Italian"]', '["open-park-day"]', '["outdoors"]', '["villa-filippina-info"]', '{"en":"Access and contact details checked from public city-facing sources.","it":"Accesso e contatti controllati da fonti pubbliche cittadine."}', 'https://www.parcovillafilippina.it/', '2026-03-29T11:00:00+02:00'),
('palermo', 'politeama', 'palermo-kids-lab-place', 'Palermo Kids Lab', '{"en":"Small-group coding for older children after school and on Saturdays.","it":"Coding in piccoli gruppi per i piu grandi dopo scuola e il sabato."}', '{"en":"A practical STEM option when you want continuity instead of a one-off workshop.","it":"Un opzione STEM pratica quando serve continuita invece di un workshop singolo."}', 'Via Dante 52, Palermo', 38.1274, 13.3506, '["Small groups","Indoor","Beginner friendly"]', '["Italian","English"]', '["kids-coding"]', '["stem"]', '["kids-lab-booking"]', '{"en":"Published beginner coding slots tracked from the organizer’s public page.","it":"Slot di coding beginner tracciati dalla pagina pubblica dell organizzatore."}', 'https://www.palermokidslab.it/', '2026-03-29T11:00:00+02:00'),
('palermo', 'politeama', 'circo-pificio-palermo', 'Circo Pificio', '{"en":"Circomotricity and active play for children with a real weekly rhythm.","it":"Circomotricita e gioco motorio per bambini con un vero ritmo settimanale."}', '{"en":"A focused movement pick for families who want coordination, balance, and fun without the chaos of a generic playroom.","it":"Una scelta motoria centrata per famiglie che cercano coordinazione, equilibrio e divertimento senza il caos di una ludoteca generica."}', 'Via Serradifalco 130, Palermo', 38.1239, 13.3394, '["Small groups","Movement lab","Kids-focused programming"]', '["Italian"]', '["circomotricita"]', '["movement"]', '["circopificio-website"]', '{"en":"Current public program checked from the official circomotricity page.","it":"Programma pubblico corrente controllato dalla pagina ufficiale di circomotricita."}', 'https://www.circopificio.it/circomotricita/', '2026-03-12T12:00:00+01:00'),
('palermo', 'politeama', 'spazio-terra-palermo', 'Spazio Terra', '{"en":"Workshop-led aerial and body-awareness sessions for children.","it":"Sessioni aeree e di consapevolezza corporea per bambini guidate come laboratorio."}', '{"en":"Useful when the family wants one playful but supervised movement format that feels different from standard classes.","it":"Utile quando la famiglia vuole un format di movimento giocoso ma supervisionato, diverso dalle classi standard."}', 'Via Dante 119, Palermo', 38.1268, 13.3498, '["Workshop format","Indoor","Supervised apparatus"]', '["Italian"]', '["aerial-kids-lab"]', '["movement"]', '["spazio-terra-source"]', '{"en":"Public workshop listing checked from the organizer’s active public page.","it":"Scheda laboratorio controllata dalla pagina pubblica attiva dell organizzatore."}', 'https://www.facebook.com/spazioterrapalermo', '2026-03-12T12:00:00+01:00'),
('palermo', 'kalsa', 'diaria-sala-venezia', 'Diaria - Sala Venezia', '{"en":"After-school dance and capoeira in the historic center.","it":"Danza e capoeira doposcuola nel centro storico."}', '{"en":"One of the strongest recurring kids-active clusters in the city if you need repeatable weekday options.","it":"Uno dei cluster attivi per bambini piu forti in citta se servono opzioni feriali ripetibili."}', 'Via Venezia 61, Palermo', 38.1173, 13.3619, '["Weekly timetable","Historic center","Multi-age slots"]', '["Italian"]', '["kids-dance-foundations","kids-dance-pedagogy","kids-contemporary-dance","kids-capoeira"]', '["movement"]', '["diaria-kids-enroll","diaria-kids-whatsapp"]', '{"en":"Kids timetable checked against the official Diaria calendar.","it":"Calendario bambini controllato sul calendario ufficiale Diaria."}', 'https://www.diariapalermo.org/corsi/calendario/', '2026-03-12T12:00:00+01:00'),
('palermo', 'kalsa', 'diaria-studio-gagini', 'Diaria - Studio Gagini', '{"en":"Recurring kids dance slots near La Loggia.","it":"Slot ricorrenti di danza bambini vicino La Loggia."}', '{"en":"A dependable center-city option for families planning weekly movement habits instead of one-off events.","it":"Un opzione affidabile in centro per famiglie che pianificano abitudini motorie settimanali invece di eventi una tantum."}', 'Via Antonio Gagini 31/59, Palermo', 38.1202, 13.3621, '["Weekly timetable","Central location","Beginner-friendly"]', '["Italian"]', '["kids-contemporary-dance"]', '["movement"]', '["diaria-kids-enroll","diaria-kids-whatsapp"]', '{"en":"Kids dance slots checked against the official Diaria calendar.","it":"Slot danza bambini controllati sul calendario ufficiale Diaria."}', 'https://www.diariapalermo.org/corsi/calendario/', '2026-03-12T12:00:00+01:00')
ON CONFLICT (slug) DO NOTHING;

INSERT INTO sessions (id, city_slug, venue_slug, instructor_slug, category_slug, style_slug, title, start_at, end_at, level, language, format, booking_target_slug, source_url, last_verified_at, verification_status, audience, attendance_model, age_min, age_max, age_band, guardian_required, price_note) VALUES
('teatro-massimo-family-tour-sat', 'palermo', 'teatro-massimo-palermo', 'fondazione-teatro-massimo', 'culture', 'guided-visit', '{"en":"Family Theater Tour","it":"Visita famiglia al Teatro Massimo"}', '2026-04-04T10:30:00.000+02:00', '2026-04-04T11:10:00.000+02:00', 'open', 'Italian', 'in_person', 'teatro-massimo-booking', 'https://www.teatromassimo.it/', '2026-03-29T11:00:00+02:00', 'verified', 'families', 'drop_in', 4, 14, 'mixed-kids', TRUE, '{"en":"Family tickets available, with free entry for the youngest children in some cases.","it":"Disponibili formule famiglia, con accesso gratuito per i piu piccoli in alcuni casi."}'),
('teatro-massimo-family-tour-sun', 'palermo', 'teatro-massimo-palermo', 'fondazione-teatro-massimo', 'culture', 'guided-visit', '{"en":"Family Theater Tour","it":"Visita famiglia al Teatro Massimo"}', '2026-04-05T11:20:00.000+02:00', '2026-04-05T12:00:00.000+02:00', 'open', 'Italian', 'in_person', 'teatro-massimo-booking', 'https://www.teatromassimo.it/', '2026-03-29T11:00:00+02:00', 'verified', 'families', 'drop_in', 4, 14, 'mixed-kids', TRUE, '{"en":"Family tickets available, with free entry for the youngest children in some cases.","it":"Disponibili formule famiglia, con accesso gratuito per i piu piccoli in alcuni casi."}'),
('planetario-weekend-show-sat', 'palermo', 'planetario-palermo-place', 'planetario-palermo', 'stem', 'planetarium-show', '{"en":"Weekend Planetarium Show","it":"Spettacolo del weekend al planetario"}', '2026-04-04T17:00:00.000+02:00', '2026-04-04T18:00:00.000+02:00', 'open', 'Italian', 'in_person', 'planetario-contact', 'https://www.planetariopalermo.it/', '2026-03-29T11:00:00+02:00', 'verified', 'families', 'drop_in', 5, 12, 'mixed-kids', TRUE, '{"en":"Weekend public shows from EUR 5-10 depending on age and format.","it":"Spettacoli pubblici del weekend da 5 a 10 EUR secondo eta e formato."}'),
('planetario-weekend-show-sun', 'palermo', 'planetario-palermo-place', 'planetario-palermo', 'stem', 'planetarium-show', '{"en":"Weekend Planetarium Show","it":"Spettacolo del weekend al planetario"}', '2026-04-05T12:00:00.000+02:00', '2026-04-05T13:00:00.000+02:00', 'open', 'Italian', 'in_person', 'planetario-contact', 'https://www.planetariopalermo.it/', '2026-03-29T11:00:00+02:00', 'verified', 'families', 'drop_in', 5, 12, 'mixed-kids', TRUE, '{"en":"Weekend public shows from EUR 5-10 depending on age and format.","it":"Spettacoli pubblici del weekend da 5 a 10 EUR secondo eta e formato."}'),
('minimupa-creative-lab-sat', 'palermo', 'minimupa-palermo', 'minimupa', 'stem', 'hands-on-lab', '{"en":"MiniMuPa Creative Lab","it":"Laboratorio creativo MiniMuPa"}', '2026-04-04T10:30:00.000+02:00', '2026-04-04T12:00:00.000+02:00', 'open', 'Italian', 'in_person', 'minimupa-booking', 'https://www.minimupa.it/', '2026-03-29T11:00:00+02:00', 'verified', 'kids', 'cycle', 6, 12, '6-10', FALSE, '{"en":"Pricing varies by lab and event cycle.","it":"Prezzi variabili in base al laboratorio e al ciclo evento."}'),
('biblioteca-storytime-wed', 'palermo', 'biblioteca-piccolo-principe-place', 'biblioteca-piccolo-principe', 'reading', 'storytime', '{"en":"Library Story Circle","it":"Cerchio di letture in biblioteca"}', '2026-04-01T16:30:00.000+02:00', '2026-04-01T17:15:00.000+02:00', 'open', 'Italian', 'in_person', 'biblioteca-contact', 'https://www.comune.palermo.it/', '2026-03-29T11:00:00+02:00', 'verified', 'families', 'drop_in', 3, 7, '3-5', TRUE, '{"en":"Library access is free; some special events may require reservation.","it":"Accesso biblioteca gratuito; alcuni eventi speciali possono richiedere prenotazione."}'),
('marionette-weekend-show-sat', 'palermo', 'museo-marionette-palermo', 'museo-marionette', 'culture', 'puppet-theater', '{"en":"Weekend Puppet Theater","it":"Teatro dei pupi del weekend"}', '2026-04-04T16:30:00.000+02:00', '2026-04-04T17:30:00.000+02:00', 'open', 'Italian', 'in_person', 'museo-marionette-contact', 'https://www.museomarionettepalermo.it/', '2026-03-29T11:00:00+02:00', 'verified', 'families', 'drop_in', 4, 12, 'mixed-kids', TRUE, '{"en":"Family pricing varies by show and season.","it":"Prezzi famiglia variabili secondo spettacolo e stagione."}'),
('marionette-weekend-show-sun', 'palermo', 'museo-marionette-palermo', 'museo-marionette', 'culture', 'puppet-theater', '{"en":"Weekend Puppet Theater","it":"Teatro dei pupi del weekend"}', '2026-04-05T12:00:00.000+02:00', '2026-04-05T13:00:00.000+02:00', 'open', 'Italian', 'in_person', 'museo-marionette-contact', 'https://www.museomarionettepalermo.it/', '2026-03-29T11:00:00+02:00', 'verified', 'families', 'drop_in', 4, 12, 'mixed-kids', TRUE, '{"en":"Family pricing varies by show and season.","it":"Prezzi famiglia variabili secondo spettacolo e stagione."}'),
('palermo-kids-coding-club-sat', 'palermo', 'palermo-kids-lab-place', 'palermo-kids-lab', 'stem', 'kids-coding', '{"en":"Coding Club 8-12","it":"Coding club 8-12"}', '2026-04-04T10:00:00.000+02:00', '2026-04-04T11:30:00.000+02:00', 'beginner', 'Italian', 'in_person', 'kids-lab-booking', 'https://www.palermokidslab.it/', '2026-03-29T11:00:00+02:00', 'verified', 'kids', 'cycle', 8, 12, '6-10', FALSE, '{"en":"Small-group cycle pricing shared on request.","it":"Prezzi del ciclo in piccoli gruppi condivisi su richiesta."}'),
('circo-pificio-circomotricita-tue', 'palermo', 'circo-pificio-palermo', 'circo-pificio-team', 'movement', 'circomotricita', '{"en":"Kids Circomotricity","it":"Circomotricita bambini"}', '2026-03-31T17:00:00.000+02:00', '2026-03-31T18:00:00.000+02:00', 'beginner', 'Italian', 'in_person', 'circopificio-website', 'https://www.circopificio.it/circomotricita/', '2026-03-12T12:00:00+01:00', 'verified', 'kids', 'cycle', 3, 10, 'mixed-kids', FALSE, '{"en":"Enrollment details are shared directly by the organizer.","it":"I dettagli di iscrizione vengono condivisi direttamente dall organizzatore."}'),
('spazio-terra-aerial-lab-sat', 'palermo', 'spazio-terra-palermo', 'spazio-terra-team', 'movement', 'aerial-kids-lab', '{"en":"Aerial Kids Lab","it":"Laboratorio aereo bambini"}', '2026-04-04T10:30:00.000+02:00', '2026-04-04T11:30:00.000+02:00', 'beginner', 'Italian', 'in_person', 'spazio-terra-source', 'https://www.facebook.com/spazioterrapalermo', '2026-03-12T12:00:00+01:00', 'verified', 'kids', 'drop_in', 6, 12, '6-10', FALSE, '{"en":"Workshop pricing is usually shared per event.","it":"Il prezzo del laboratorio viene in genere condiviso evento per evento."}'),
('diaria-contemporary-dance-mon', 'palermo', 'diaria-studio-gagini', 'diaria-kids', 'movement', 'kids-contemporary-dance', '{"en":"Contemporary Dance 7-10","it":"Danza contemporanea 7-10"}', '2026-04-06T17:00:00.000+02:00', '2026-04-06T18:00:00.000+02:00', 'beginner', 'Italian', 'in_person', 'diaria-kids-enroll', 'https://www.diariapalermo.org/corsi/calendario/', '2026-03-12T12:00:00+01:00', 'verified', 'kids', 'cycle', 7, 10, '6-10', FALSE, '{"en":"Enrollment is handled directly through the Diaria registration flow.","it":"L iscrizione si gestisce direttamente tramite il flusso di registrazione Diaria."}'),
('diaria-contemporary-dance-wed', 'palermo', 'diaria-studio-gagini', 'diaria-kids', 'movement', 'kids-contemporary-dance', '{"en":"Contemporary Dance 7-10","it":"Danza contemporanea 7-10"}', '2026-04-01T17:00:00.000+02:00', '2026-04-01T18:00:00.000+02:00', 'beginner', 'Italian', 'in_person', 'diaria-kids-enroll', 'https://www.diariapalermo.org/corsi/calendario/', '2026-03-12T12:00:00+01:00', 'verified', 'kids', 'cycle', 7, 10, '6-10', FALSE, '{"en":"Enrollment is handled directly through the Diaria registration flow.","it":"L iscrizione si gestisce direttamente tramite il flusso di registrazione Diaria."}'),
('diaria-capoeira-mon', 'palermo', 'diaria-sala-venezia', 'diaria-kids', 'movement', 'kids-capoeira', '{"en":"Capoeira 6-10","it":"Capoeira 6-10"}', '2026-04-06T16:45:00.000+02:00', '2026-04-06T17:45:00.000+02:00', 'beginner', 'Italian', 'in_person', 'diaria-kids-enroll', 'https://www.diariapalermo.org/corsi/calendario/', '2026-03-12T12:00:00+01:00', 'verified', 'kids', 'cycle', 6, 10, '6-10', FALSE, '{"en":"Registration and pricing are shared through Diaria.","it":"Iscrizione e prezzi vengono condivisi tramite Diaria."}'),
('diaria-capoeira-thu', 'palermo', 'diaria-sala-venezia', 'diaria-kids', 'movement', 'kids-capoeira', '{"en":"Capoeira 6-10","it":"Capoeira 6-10"}', '2026-04-02T16:45:00.000+02:00', '2026-04-02T17:45:00.000+02:00', 'beginner', 'Italian', 'in_person', 'diaria-kids-enroll', 'https://www.diariapalermo.org/corsi/calendario/', '2026-03-12T12:00:00+01:00', 'verified', 'kids', 'cycle', 6, 10, '6-10', FALSE, '{"en":"Registration and pricing are shared through Diaria.","it":"Iscrizione e prezzi vengono condivisi tramite Diaria."}'),
('diaria-dance-foundations-tue', 'palermo', 'diaria-sala-venezia', 'diaria-kids', 'movement', 'kids-dance-foundations', '{"en":"Dance 5-6 Years","it":"Danza 5-6 anni"}', '2026-03-31T16:30:00.000+02:00', '2026-03-31T17:30:00.000+02:00', 'beginner', 'Italian', 'in_person', 'diaria-kids-enroll', 'https://www.diariapalermo.org/corsi/calendario/', '2026-03-12T12:00:00+01:00', 'verified', 'kids', 'cycle', 5, 6, '3-5', FALSE, '{"en":"Registration and pricing are shared through Diaria.","it":"Iscrizione e prezzi vengono condivisi tramite Diaria."}'),
('diaria-dance-pedagogy-wed', 'palermo', 'diaria-sala-venezia', 'diaria-kids', 'movement', 'kids-dance-pedagogy', '{"en":"Dance Pedagogy 3-4","it":"Pedagogia della danza 3-4"}', '2026-04-01T16:00:00.000+02:00', '2026-04-01T17:00:00.000+02:00', 'beginner', 'Italian', 'in_person', 'diaria-kids-enroll', 'https://www.diariapalermo.org/corsi/calendario/', '2026-03-12T12:00:00+01:00', 'verified', 'families', 'cycle', 3, 4, '3-5', TRUE, '{"en":"Registration and pricing are shared through Diaria.","it":"Iscrizione e prezzi vengono condivisi tramite Diaria."}')
ON CONFLICT (id) DO NOTHING;

INSERT INTO editorial_collections (city_slug, slug, title, description, cta, kind) VALUES
('palermo', 'weekend-families', '{"en":"Weekend families","it":"Weekend in famiglia"}', '{"en":"Shortlisted Palermo plans that work best on Saturday and Sunday.","it":"Selezione di piani palermitani che funzionano meglio il sabato e la domenica."}', '{"en":"Open weekend plans","it":"Apri i piani del weekend"}', 'rule'),
('palermo', 'all-weather-picks', '{"en":"All-weather picks","it":"Picks per ogni meteo"}', '{"en":"Indoor options you can trust when the forecast turns or energy drops.","it":"Opzioni indoor affidabili quando il meteo gira o cala l energia."}', '{"en":"See indoor picks","it":"Vedi i posti indoor"}', 'editorial'),
('palermo', 'after-school-active', '{"en":"After-school active","it":"Doposcuola attivo"}', '{"en":"Movement, dance, capoeira, and coordination picks that fit the weekday family schedule.","it":"Picks di movimento, danza, capoeira e coordinazione che stanno dentro l agenda feriale di famiglia."}', '{"en":"Open active picks","it":"Apri i pick attivi"}', 'rule')
ON CONFLICT (slug) DO NOTHING;
